-- Cleaned SQL for Docker Import (V2 - Full Data)
-- Target Database: EcommerceAPI

SET statement_timeout = 0;
SET lock_timeout = 0;
SET idle_in_transaction_session_timeout = 0;
SET client_encoding = 'UTF8';
SET standard_conforming_strings = on;
SELECT pg_catalog.set_config('search_path', '', false);
SET check_function_bodies = false;
SET xmloption = content;
SET client_min_messages = warning;
SET row_security = off;

CREATE EXTENSION IF NOT EXISTS plpgsql WITH SCHEMA pg_catalog;

-- ============================================================
-- 1. Tablo Yapıları (Schema)
-- ============================================================

CREATE TABLE public."Address" (
    "Id" uuid NOT NULL,
    "Street" text NOT NULL,
    "City" text NOT NULL,
    "Country" text NOT NULL,
    "ZipCode" text NOT NULL,
    "CustomerId" uuid,
    "CreatedDate" timestamp with time zone NOT NULL,
    "UpdatedDate" timestamp with time zone NOT NULL
);

CREATE TABLE public."AspNetRoleClaims" (
    "Id" integer NOT NULL GENERATED BY DEFAULT AS IDENTITY,
    "RoleId" text NOT NULL,
    "ClaimType" text,
    "ClaimValue" text
);

CREATE TABLE public."AspNetRoles" (
    "Id" text NOT NULL,
    "Name" character varying(256),
    "NormalizedName" character varying(256),
    "ConcurrencyStamp" text
);

CREATE TABLE public."AspNetUserClaims" (
    "Id" integer NOT NULL GENERATED BY DEFAULT AS IDENTITY,
    "UserId" text NOT NULL,
    "ClaimType" text,
    "ClaimValue" text
);

CREATE TABLE public."AspNetUserLogins" (
    "LoginProvider" text NOT NULL,
    "ProviderKey" text NOT NULL,
    "ProviderDisplayName" text,
    "UserId" text NOT NULL
);

CREATE TABLE public."AspNetUserRoles" (
    "UserId" text NOT NULL,
    "RoleId" text NOT NULL
);

CREATE TABLE public."AspNetUserTokens" (
    "UserId" text NOT NULL,
    "LoginProvider" text NOT NULL,
    "Name" text NOT NULL,
    "Value" text
);

CREATE TABLE public."AspNetUsers" (
    "Id" text NOT NULL,
    "UserName" character varying(256),
    "NormalizedUserName" character varying(256),
    "Email" character varying(256),
    "NormalizedEmail" character varying(256),
    "EmailConfirmed" boolean NOT NULL,
    "PasswordHash" text,
    "SecurityStamp" text,
    "ConcurrencyStamp" text,
    "PhoneNumber" text,
    "PhoneNumberConfirmed" boolean NOT NULL,
    "TwoFactorEnabled" boolean NOT NULL,
    "LockoutEnd" timestamp with time zone,
    "LockoutEnabled" boolean NOT NULL,
    "AccessFailedCount" integer NOT NULL
);

CREATE TABLE public."Customers" (
    "Id" uuid NOT NULL,
    "FirstName" text NOT NULL,
    "LastName" text NOT NULL,
    "Email" text NOT NULL,
    "IsActive" boolean NOT NULL,
    "CreatedDate" timestamp with time zone NOT NULL,
    "UpdatedDate" timestamp with time zone NOT NULL,
    "AppUserId" uuid DEFAULT '00000000-0000-0000-0000-000000000000'::uuid NOT NULL,
    "PhoneNumber" text DEFAULT ''::text NOT NULL
);

CREATE TABLE public."Files" (
    "Id" uuid NOT NULL,
    "Storage" text NOT NULL,
    "CreatedDate" timestamp with time zone NOT NULL,
    "Discriminator" character varying(21) DEFAULT ''::character varying NOT NULL,
    "FileName" text DEFAULT ''::text NOT NULL,
    "Path" text DEFAULT ''::text NOT NULL,
    "IsPrimary" boolean
);

CREATE TABLE public."ProductBoxes" (
    "Id" uuid NOT NULL,
    "Name" text NOT NULL,
    "Quantity" integer NOT NULL,
    "ProductId" uuid NOT NULL,
    "CreatedDate" timestamp with time zone NOT NULL,
    "UpdatedDate" timestamp with time zone NOT NULL
);

CREATE TABLE public."ProductProductGallery" (
    "ProductGalleriesId" uuid NOT NULL,
    "ProductId" uuid NOT NULL
);

CREATE TABLE public."Products" (
    "Id" uuid NOT NULL,
    "Name" text NOT NULL,
    "Stock" integer NOT NULL,
    "Price" numeric(18,2) NOT NULL,
    "Description" text,
    "Features" text,
    "CreatedDate" timestamp with time zone NOT NULL,
    "UpdatedDate" timestamp with time zone NOT NULL,
    "Category" text DEFAULT ''::text NOT NULL
);

CREATE TABLE public."__EFMigrationsHistory" (
    "MigrationId" character varying(150) NOT NULL,
    "ProductVersion" character varying(32) NOT NULL
);

CREATE SCHEMA IF NOT EXISTS dbo;

CREATE TABLE dbo."CartItems" (
    "Id" uuid NOT NULL,
    "CartId" uuid NOT NULL,
    "ProductId" uuid NOT NULL,
    "Quantity" integer NOT NULL,
    "UnitPrice" numeric(18,2) NOT NULL,
    "CreatedDate" timestamp with time zone NOT NULL,
    "UpdatedDate" timestamp with time zone NOT NULL
);

CREATE TABLE dbo."Carts" (
    "Id" uuid NOT NULL,
    "UserId" uuid,
    "SessionId" character varying(100),
    "ExpiryDate" timestamp with time zone,
    "Status" integer NOT NULL,
    "CreatedDate" timestamp with time zone NOT NULL,
    "UpdatedDate" timestamp with time zone NOT NULL
);

-- ============================================================
-- 2. VERİLER (DATA) - Eksiksiz
-- ============================================================

-- Users
COPY public."AspNetUsers" ("Id", "UserName", "NormalizedUserName", "Email", "NormalizedEmail", "EmailConfirmed", "PasswordHash", "SecurityStamp", "ConcurrencyStamp", "PhoneNumber", "PhoneNumberConfirmed", "TwoFactorEnabled", "LockoutEnd", "LockoutEnabled", "AccessFailedCount") FROM stdin;
45e05d9c-8862-4536-9d17-efd0f7721817	firuze	FIRUZE	firuze@gmail.com	FIRUZE@GMAIL.COM	f	AQAAAAIAAYagAAAAEFmU2g6/lef47yKVdt1RUBm7YJj9aG77dbDBN38k/3cTQRkBu5EWYLiwJZcrqFKhAw==	6E4FOFB6ZWO74LKOA33YMJKNTDZBLJBX	6c2dd542-a299-4396-91b0-c0bef810ca58	05530740235	f	f	\N	t	0
aa0ab9ea-df01-49d8-be4f-e061d0a5f6c7	muhammedkemal	MUHAMMEDKEMAL	muhammedkemal@gmail.com	MUHAMMEDKEMAL@GMAIL.COM	f	AQAAAAIAAYagAAAAEHxuWbxIL2JbCMBo3NQl7qef4zh83QW+2y9FMYQj31OL38D+Ih5pwS+pn2VwzqoYng==	WYUIYMSRSWYWACWSC5KN36SP5BZW4K7Y	cf88daa3-2d44-40bd-b1db-8e27f1cb07cc	05369942939	f	f	\N	t	0
\.

-- Customers
COPY public."Customers" ("Id", "FirstName", "LastName", "Email", "IsActive", "CreatedDate", "UpdatedDate", "AppUserId", "PhoneNumber") FROM stdin;
f788e60f-11ac-42c7-9199-852cf73f3efc	Firuze	Topal	firuze@gmail.com	t	2025-12-09 13:36:15.754428+00	-infinity	45e05d9c-8862-4536-9d17-efd0f7721817	
de63f890-c6fe-4ecf-90d4-23a3453d50de	Muhammed Kemal	Özcan	muhammedkemal@gmail.com	t	2025-12-12 14:07:20.46302+00	2025-12-12 20:11:31.973221+00	aa0ab9ea-df01-49d8-be4f-e061d0a5f6c7	05369942939
\.

-- Products (Ürünler)
COPY public."Products" ("Id", "Name", "Stock", "Price", "Description", "Features", "CreatedDate", "UpdatedDate", "Category") FROM stdin;
817ad4a5-135d-4cd1-ade6-f156067c5efc	XX59 Headphones	200	899.00	Enjoy your audio almost anywhere and customize it to your specific tastes with the XX59 headphones. The stylish yet durable versatile wireless headset is a brilliant companion at home or on the move.\n	These headphones have been created from durable, high-quality materials tough enough to take anywhere. Its compact folding design fuses comfort and minimalist style making it perfect for travel. Flawless transmission is assured by the latest wireless technology engineered for audio synchronization with videos.\\n\\nMore than a simple pair of headphones, this headset features a pair of built-in microphones for clear, hands-free calling when paired with a compatible smartphone. Controlling music and calls is also intuitive thanks to easy-access touch buttons on the earcups. Regardless of how you use the XX59 headphones, you can do so all day thanks to an impressive 30-hour battery life that can be rapidly recharged via USB-C.\n	2025-10-19 18:16:46.526662+00	2025-11-09 14:20:19.452016+00	headphones
09ec72c1-e06e-49cf-a956-6b74ebeb5c98	YX1 Wireless Earphones	100	599.00	Tailor your listening experience with bespoke dynamic drivers from the new YX1 Wireless Earphones. Enjoy incredible high-fidelity sound even in noisy environments with its active noise cancellation feature.	Experience unrivalled stereo sound thanks to innovative acoustic technology. With improved ergonomics designed for full day wearing, these revolutionary earphones have been finely crafted to provide you with the perfect fit, delivering complete comfort all day long while enjoying exceptional noise isolation and truly immersive sound.\\n\\nThe YX1 Wireless Earphones features customizable controls for volume, music, calls, and voice assistants built into both earbuds. The new 7-hour battery life can be extended up to 28 hours with the charging case, giving you uninterrupted play time. Exquisite craftsmanship with a splash resistant design now available in an all new white and grey color scheme as well as the popular classic black.\n	2025-11-09 14:08:44.047799+00	-infinity	earphones
8b14d726-bc5e-4d14-9d9d-18843d3e337a	ZX2 Wireless Earphones	80	749.00	Gürültülü ortamlarda bile net ayrıntılar sunan ZX2 Kablosuz Kulaklıklar, gelişmiş aktif gürültü engelleme ve düşük gecikmeli mod ile oyun ve video için optimize edilmiştir.\n	Sınıfının lideri çift sürücülü akustik mimari sayesinde zengin bas ve kristal netliğinde tizler. Gün boyu kullanım için hafif, dengeli tasarım. Bluetooth 5.3 ile hızlı eşleşme ve çoklu cihaz desteği.\\\\n\\\\nDokunmatik yüzeyden ses, parça, çağrı ve asistan kontrolü. Tek şarjla 8 saate kadar pil, şarj kutusuyla toplam 32 saat. IPX4 sıçrama dayanımı; siyah ve mat yeşil renk seçenekleri.\n	2025-10-19 18:17:21.558672+00	2025-11-09 14:12:17.735641+00	earphones
abc72bc2-1b81-4610-9afc-47528f869bcd	XX99 Mark I Headphones	42	1750.00	    "description": "As the gold standard for headphones, the classic XX99 Mark I offers detailed and accurate audio reproduction for audiophiles, mixing engineers, and music aficionados alike in studios and on the go.",\n	As the headphones all others are measured against, the XX99 Mark I demonstrates over five decades of audio expertise, redefining the critical listening experience. This pair of closed-back headphones are made of industrial, aerospace-grade materials to emphasize durability at a relatively light weight of 11 oz.\\n\\nFrom the handcrafted microfiber ear cushions to the robust metal headband with inner damping element, the components work together to deliver comfort and uncompromising sound. Its closed-back design delivers up to 27 dB of passive noise cancellation, reducing resonance by reflecting sound to a dedicated absorber. For connectivity, a specially tuned cable is includes with a balanced gold connector.\n	2025-10-19 18:12:32.967427+00	2025-11-09 14:22:10.721926+00	headphones
3bd53a63-4788-4ae8-8b73-96cfe8e98c73	CinemaBar 3.1 Plus	25	3500.00	Stream high quality sound wirelessly with minimal to no loss. The ZX7 speaker uses high-end audiophile components that represents the top of the line powered speakers for home or studio use.	HDMI eARC, optik giriş, kablosuz subwoofer, diyalog geliştirme, gece modu, Bluetooth, duvar montaj aparatı, uzaktan kumanda, çoklu ses profili ve ARC uyumu.                             	2025-10-19 18:17:41.175525+00	2025-11-09 14:23:32.182754+00	speakers
c5f0315b-94b9-46e7-b06f-ab6344eed277	S11 Portable Smart Speaker	120	1299.00	The S11 offers 360° sound projection and smart assistant integration in a compact body. With its splash-resistant design, it’s perfect for both indoor and outdoor use.\n	Rich, balanced sound with a full-range driver and dual passive radiators. Multi-room playback via Wi-Fi and Bluetooth.\\\\n\\\\nIPX5 splash resistance, touch-sensitive top panel, and microphone mute switch. Up to 12 hours of battery life with USB-C fast charging.\n	2025-10-19 18:17:47.963527+00	2025-11-09 14:30:54.928901+00	speakers
ce608935-19b5-4aa3-a5da-f29740d6717c	JBL Speaker	65	2499.00	The ZX7 delivers dynamic sound and powerful bass that fills any room. With Bluetooth 5.3 and multi-input support, it’s ideal for home entertainment, parties, and studio previews.\n	Balanced frequency response with dual 70 mm drivers and a passive radiator. Low-latency and high-resolution transmission via aptX Adaptive.\\\\n\\\\nOptical, AUX, and USB inputs; wireless stereo pairing between two ZX7 units. Up to 14 hours of portable use with the built-in battery and fast charging capability.\n	2025-11-03 17:53:50.076758+00	2025-11-09 14:31:57.801961+00	speakers
6a8c74df-c10c-42b9-86fa-9a35d0c1f3c0	JBL BT 5000	50	1199.00	The MH5 Travel headphones are designed for city life and travel, combining active noise cancellation with a lightweight, portable design.\n	Adaptive ANC, transparency mode, and beamforming microphones for clear calls.\\\\n\\\\nUp to 27 hours of battery life, low-latency gaming mode, and foldable, rotatable ear cups.\n	2025-11-05 10:05:33.183477+00	2025-11-09 14:39:46.08479+00	headphones
78f17bc5-0191-4c3d-9ed6-8aa4a5432a00	ClearTalk Glass	1	94.00	Şeffaf gövde ve hafif yapı, gün boyu kullanımı destekler. Çift mikrofon çağrılarda berraklık sağlar. Dokunmatik kontrol ve düşük gecikme eğlence deneyimini iyileştirir.                     	ENC gürültü azaltma, düşük gecikme, dokunmatik kontroller, şeffaf mod, 27 saat pil, USB-C şarj, kompakt kutu, silikon uç seti, hızlı eşleşme ve tek kulak desteği.                        	2025-10-19 18:17:27.713644+00	2025-11-28 17:22:10.832846+00	earphones
a5035ca4-8d19-454c-9b1b-0100333fd0ab	TrailBeat Go 20	22	159.00	Taşınabilir hoparlör; dengeli ses ve etkileyici bas ile açık alanlarda dahi netlik sunar. Dayanıklı dış kaplama ve askı kayışı, kamp ve pikniklerde kullanım kolaylığı getirir.                  	Bluetooth 5.3, TWS eşleme, 20 W çıkış, dahili mikrofon, 12 saat pil, USB-C şarj, dayanıklı dış kaplama, askı kayışı, 3.5 mm AUX ve çoklu cihaz hafızası.                               	2025-10-19 18:17:34.833622+00	-infinity	speakers
0bb82c84-2565-4bb3-826d-78484791a741	AX3 True Wireless Earbuds	150	529.00	AX3 True Wireless, kompakt kasada güçlü ses ve net çağrı kalitesi sunar. Şeffaflık modu sayesinde çevre seslerini gerektiğinde içeri alabilirsiniz.\n	Gelişmiş akustik odacık ve bio-kompozit diyafram ile dengeli ve doğal ses. Ergonomik kanatçık tasarımıyla sabit ve rahat oturuş. Düşük güç tüketimli işlemci ile verimli performans.\\\\n\\\\nKulaklık başına 6,5 saate kadar dinleme, kutu ile toplam 26 saat. Hızlı şarj (10 dk = 1,5 saat). IPX5 suya dayanım. Tek dokunuşla asistan, çağrı ve medya kontrolü. Beyaz, grafit ve mavi renk seçenekleri.\n	2025-11-09 14:18:27.865691+00	-infinity	earphones
9b3834b4-d71e-4bf1-9a57-dd628d5307e2	XX99 MARK II HEADPHONES	98	2999.00	The new XX99 Mark II headphones is the pinnacle of pristine audio. It redefines your premium headphone experience by reproducing the balanced depth and precision of studio-quality sound.	Featuring a genuine leather head strap and premium earcups, these headphones deliver superior comfort for those who like to enjoy endless listening. It includes intuitive controls designed for any situation. Whether you’re taking a business call or just in your own personal space, the auto on/off and pause features ensure that you’ll never miss a beat.The advanced Active Noise Cancellation with built-in equalizer allow you to experience your audio world on your terms. It lets you enjoy your audio in peace, but quickly interact with your surroundings when you need to. Combined with Bluetooth 5. 0 compliant connectivity and 17 hour battery life, the XX99 Mark II headphones gives you superior sound, cutting-edge technology, and a modern design aesthetic.	2025-11-07 18:25:53.186687+00	-infinity	headphones
\.

-- Files (Resimler) - BURASI EKSİKTİ, ŞİMDİ TAM
COPY public."Files" ("Id", "Storage", "CreatedDate", "Discriminator", "FileName", "Path", "IsPrimary") FROM stdin;
015781a8-cb21-46e1-bba9-e069761ba8c3	AzureStorage	2025-11-09 13:32:39.807486+00	ProductGallery	image-gallery-3-2.jpg	uploads/image-gallery-3-2.jpg	t
22a7ea20-6731-4992-a6ef-a968beb56c32	AzureStorage	2025-11-09 13:32:39.807484+00	ProductGallery	image-category-page-preview-2.jpg	uploads/image-category-page-preview-2.jpg	f
23e94f91-887b-4897-819c-5ba2c5485acd	AzureStorage	2025-11-09 13:32:39.807485+00	ProductGallery	image-gallery-1-3.jpg	uploads/image-gallery-1-3.jpg	f
5902097e-a27e-402a-9143-068fe4158319	AzureStorage	2025-11-09 13:32:39.807486+00	ProductGallery	image-product-2.jpg	uploads/image-product-2.jpg	f
73f2d9b1-2a2b-4131-90ff-2aac8a3c83b9	AzureStorage	2025-11-09 13:32:39.807485+00	ProductGallery	image-gallery-2-2.jpg	uploads/image-gallery-2-2.jpg	f
0b31d481-af84-4f80-89a1-d5efa8cddee0	AzureStorage	2025-11-09 13:33:04.293904+00	ProductGallery	image-gallery-1-4.jpg	uploads/image-gallery-1-4.jpg	f
7c12db5b-d368-499a-9a07-8c408aeac691	AzureStorage	2025-11-09 13:33:04.293902+00	ProductGallery	image-category-page-preview-3.jpg	uploads/image-category-page-preview-3.jpg	f
95ed3a85-ce4f-4400-8903-54cb455bf603	AzureStorage	2025-11-09 13:33:04.293904+00	ProductGallery	image-gallery-2-3.jpg	uploads/image-gallery-2-3.jpg	f
c5cc5355-dccb-48a5-ab5e-1377890e1f7f	AzureStorage	2025-11-09 13:33:04.293905+00	ProductGallery	image-product-3.jpg	uploads/image-product-3.jpg	t
fa9d31b7-d624-46b0-9580-fdefb5ba76a8	AzureStorage	2025-11-09 13:33:04.293904+00	ProductGallery	image-gallery-3-3.jpg	uploads/image-gallery-3-3.jpg	f
18b28c72-ab81-4fab-8707-a45caa15ae80	AzureStorage	2025-11-09 13:56:37.048118+00	ProductGallery	image-gallery-1-5.jpg	uploads/image-gallery-1-5.jpg	f
6cec8ee9-1b9e-4703-a388-1b6d99d06d7b	AzureStorage	2025-11-09 13:56:37.048119+00	ProductGallery	image-gallery-3-4.jpg	uploads/image-gallery-3-4.jpg	f
7e109ddc-7408-42b4-a12f-f46aa9af3139	AzureStorage	2025-11-09 13:56:37.048118+00	ProductGallery	image-gallery-2-4.jpg	uploads/image-gallery-2-4.jpg	f
fa3f920f-219a-4030-8200-36b7ce5b8ed1	AzureStorage	2025-11-09 13:56:37.04803+00	ProductGallery	image-category-page-preview-4.jpg	uploads/image-category-page-preview-4.jpg	t
0c63bdfd-a55e-445e-a9b9-d03f1f813d1f	AzureStorage	2025-11-09 13:57:10.691997+00	ProductGallery	image-gallery-1-6.jpg	uploads/image-gallery-1-6.jpg	f
b011c85f-8148-4275-a1bc-d5efa7c6d361	AzureStorage	2025-11-09 13:57:10.692013+00	ProductGallery	image-gallery-2-5.jpg	uploads/image-gallery-2-5.jpg	f
bf3e5574-064d-46b3-8809-f2a1e537057c	AzureStorage	2025-11-09 13:57:10.691993+00	ProductGallery	image-category-page-preview-5.jpg	uploads/image-category-page-preview-5.jpg	f
e7c20181-a9fb-4c7a-8910-56404660ee3e	AzureStorage	2025-11-09 13:57:10.692014+00	ProductGallery	image-gallery-3-5.jpg	uploads/image-gallery-3-5.jpg	f
1860eea5-66fc-429a-893c-643027867763	AzureStorage	2025-11-09 14:00:05.990244+00	ProductGallery	image-gallery-3-6.jpg	uploads/image-gallery-3-6.jpg	f
364acfe4-b431-4732-a0a2-ef68abfdc686	AzureStorage	2025-11-09 14:00:05.990243+00	ProductGallery	image-gallery-2-6.jpg	uploads/image-gallery-2-6.jpg	f
3cd2a422-f27d-4562-a0dc-e5d365fe4b0d	AzureStorage	2025-11-09 14:00:05.990243+00	ProductGallery	image-gallery-1-7.jpg	uploads/image-gallery-1-7.jpg	f
5b7b3425-10b4-4eb7-b128-1d35c21067f9	AzureStorage	2025-11-09 14:00:05.990242+00	ProductGallery	image-category-page-preview-6.jpg	uploads/image-category-page-preview-6.jpg	t
53f0f2cc-aca0-49a2-80c1-bde5e9dbd51a	AzureStorage	2025-11-09 14:04:49.36789+00	ProductGallery	image-gallery-2-7.jpg	uploads/image-gallery-2-7.jpg	f
6ec6831f-ae1c-4e5a-aa26-1d114b022a46	AzureStorage	2025-11-09 14:04:49.36789+00	ProductGallery	image-gallery-1-8.jpg	uploads/image-gallery-1-8.jpg	f
7cf8e2e0-96ff-4879-ba12-3641ace0dd83	AzureStorage	2025-11-09 14:04:49.367888+00	ProductGallery	image-category-page-preview-7.jpg	uploads/image-category-page-preview-7.jpg	t
dbb0919b-4441-4643-88ca-f4f73034cc4e	AzureStorage	2025-11-09 14:04:49.36789+00	ProductGallery	image-gallery-3-7.jpg	uploads/image-gallery-3-7.jpg	f
0367aa27-4ba8-4e94-bfb1-d24a5994563b	AzureStorage	2025-11-09 14:05:46.009208+00	ProductGallery	image-gallery-3-8.jpg	uploads/image-gallery-3-8.jpg	f
32634790-5018-4474-a901-1df30c0790cc	AzureStorage	2025-11-09 14:05:46.009207+00	ProductGallery	image-gallery-2-8.jpg	uploads/image-gallery-2-8.jpg	f
cceeca03-f94a-4ddb-9590-a08ddba5592e	AzureStorage	2025-11-09 14:05:46.009014+00	ProductGallery	image-category-page-preview-8.jpg	uploads/image-category-page-preview-8.jpg	t
deeb17d6-110d-439d-94a8-caeb5fbaa2c6	AzureStorage	2025-11-09 14:05:46.009015+00	ProductGallery	image-gallery-1-9.jpg	uploads/image-gallery-1-9.jpg	f
017f4b80-399c-4480-9fb3-49a05a382811	AzureStorage	2025-11-09 14:09:25.629691+00	ProductGallery	image-gallery-2-9.jpg	uploads/image-gallery-2-9.jpg	f
11c00c0a-721d-4b7b-ab8e-9929ff827895	AzureStorage	2025-11-09 14:09:25.629691+00	ProductGallery	image-gallery-3-9.jpg	uploads/image-gallery-3-9.jpg	f
4adb1b8e-c847-4dc6-8874-9b8ee55e0a44	AzureStorage	2025-11-09 14:09:25.629691+00	ProductGallery	image-gallery-1-10.jpg	uploads/image-gallery-1-10.jpg	f
c444431a-0765-4bcc-b5c3-98bdb50b034a	AzureStorage	2025-11-09 14:09:25.62969+00	ProductGallery	image-category-page-preview-9.jpg	uploads/image-category-page-preview-9.jpg	f
3f11676d-0988-430c-831b-ac2279ff99e8	AzureStorage	2025-11-09 14:09:43.936284+00	ProductGallery	image-gallery-1-11.jpg	uploads/image-gallery-1-11.jpg	f
9137ab22-4df2-4474-aafd-e285e7da0509	AzureStorage	2025-11-09 14:09:43.936281+00	ProductGallery	image-category-page-preview-10.jpg	uploads/image-category-page-preview-10.jpg	f
accafb6c-4d89-40a2-9b72-2213c9479185	AzureStorage	2025-11-09 14:09:43.936284+00	ProductGallery	image-gallery-2-10.jpg	uploads/image-gallery-2-10.jpg	f
6122bfe0-bff6-4e3b-84cb-a2710053b311	AzureStorage	2025-11-09 14:15:38.859499+00	ProductGallery	LPH-TW10-2.png	uploads/LPH-TW10-2.png	f
666f4177-23e0-475f-8492-bd0a164be93f	AzureStorage	2025-11-09 14:15:38.8595+00	ProductGallery	LPH-TW10-3.png	uploads/LPH-TW10-3.png	f
e479bda7-e183-4595-bb31-7a1b6709d117	AzureStorage	2025-11-09 14:15:38.859498+00	ProductGallery	LPH-TW10-1.png	uploads/LPH-TW10-1.png	t
f1c6474b-f096-465d-98f9-86bdb451fe6d	AzureStorage	2025-11-09 14:15:38.8595+00	ProductGallery	LPH-TW10.png	uploads/LPH-TW10.png	f
5069430c-165f-4366-8748-b4af4cbd95de	AzureStorage	2025-11-09 14:18:45.108032+00	ProductGallery	pro-60-bluetooth-kulaklik-tws-kulakici-kablosuz-gaming-kulaklik-kcm86497072-1-c23da32eeb1d46b8aee7aabfa49a5dc2.jpg	uploads/pro-60-bluetooth-kulaklik-tws-kulakici-kablosuz-gaming-kulaklik-kcm86497072-1-c23da32eeb1d46b8aee7aabfa49a5dc2.jpg	f
8947991b-3150-4534-b4b7-5f514c71ef8f	AzureStorage	2025-11-09 14:18:45.108031+00	ProductGallery	pro-60-bluetooth-kulaklik-tws-kulakici-kablosuz-gaming-kulaklik-kcm86497072-1-306a63ff528a443498a83d86473a1c29.jpg	uploads/pro-60-bluetooth-kulaklik-tws-kulakici-kablosuz-gaming-kulaklik-kcm86497072-1-306a63ff528a443498a83d86473a1c29.jpg	t
0c3c7d3a-1eb6-4a95-a46c-2c73a2cb42ee	AzureStorage	2025-11-09 14:21:39.200438+00	ProductGallery	image-category-page-preview-11.jpg	uploads/image-category-page-preview-11.jpg	f
731147fe-331e-419c-afea-653b74534cba	AzureStorage	2025-11-09 14:21:39.20044+00	ProductGallery	image-gallery-3-11.jpg	uploads/image-gallery-3-11.jpg	t
db721b4f-1a9b-4fe0-8179-514e98a92d84	AzureStorage	2025-11-09 14:21:39.200439+00	ProductGallery	image-gallery-1-12.jpg	uploads/image-gallery-1-12.jpg	f
fb4a3238-4801-4aae-b84d-5b7c0f4bec56	AzureStorage	2025-11-09 14:21:39.20044+00	ProductGallery	image-gallery-2-11.jpg	uploads/image-gallery-2-11.jpg	f
0bfec930-bab5-48d8-a46f-c429192dc07a	AzureStorage	2025-11-09 14:22:39.105444+00	ProductGallery	image-gallery-2-12.jpg	uploads/image-gallery-2-12.jpg	f
68f0901e-c125-4c28-b000-85f395dc4e7e	AzureStorage	2025-11-09 14:22:39.105436+00	ProductGallery	image-category-page-preview-12.jpg	uploads/image-category-page-preview-12.jpg	t
6bfaf617-77db-4f96-abca-8f19aefaedbf	AzureStorage	2025-11-09 14:22:39.105447+00	ProductGallery	image-gallery-3-12.jpg	uploads/image-gallery-3-12.jpg	f
ac7f640b-104c-4135-966f-4889b56b5cef	AzureStorage	2025-11-09 14:22:39.105443+00	ProductGallery	image-gallery-1-13.jpg	uploads/image-gallery-1-13.jpg	f
3edf4180-31d8-4dee-ad58-fde190ca66a8	AzureStorage	2025-11-09 14:31:11.83484+00	ProductGallery	71ylppzgIIL-ACSX522.jpg	uploads/71ylppzgIIL-ACSX522.jpg	f
49fa5daa-f706-41d9-b7b1-c34d163c7b0d	AzureStorage	2025-11-09 14:31:11.83484+00	ProductGallery	71ZcA8apwrL-ACSX522.jpg	uploads/71ZcA8apwrL-ACSX522.jpg	f
6ed49ef0-eb90-4ee1-bb47-52931bef63e7	AzureStorage	2025-11-09 14:31:11.834838+00	ProductGallery	71kR5sj6lQL-ACSX522.jpg	uploads/71kR5sj6lQL-ACSX522.jpg	t
ec79834c-706e-4267-8394-2795bf839b09	AzureStorage	2025-11-09 14:31:11.83484+00	ProductGallery	81gFWftEd2L-ACSX522.jpg	uploads/81gFWftEd2L-ACSX522.jpg	f
4ff06749-6f69-42a6-a680-7f2e5def6382	AzureStorage	2025-11-09 14:34:25.027078+00	ProductGallery	145617-6large.jpg	uploads/145617-6large.jpg	t
7fbf360a-1305-471b-8f4d-fd67171e20c5	AzureStorage	2025-11-09 14:34:25.027077+00	ProductGallery	145617-3large.jpg	uploads/145617-3large.jpg	f
964c46db-48e4-4f66-baad-6f20d455e843	AzureStorage	2025-11-09 14:34:25.027078+00	ProductGallery	145617-8large.jpg	uploads/145617-8large.jpg	f
ae7164b5-2011-44c8-b51b-b8f779e1c793	AzureStorage	2025-11-09 14:34:25.027078+00	ProductGallery	145617-7large.jpg	uploads/145617-7large.jpg	f
347018cf-e925-4151-a0e1-762ebf8f0adc	AzureStorage	2025-11-09 14:35:40.711094+00	ProductGallery	image-gallery-2-13.jpg	uploads/image-gallery-2-13.jpg	f
85303ec1-c46f-4796-a0cf-bd0a712bb32a	AzureStorage	2025-11-09 14:35:40.711093+00	ProductGallery	image-category-page-preview-13.jpg	uploads/image-category-page-preview-13.jpg	t
cf8cdaf6-4e8f-4ed6-a68d-30c16bd22b5f	AzureStorage	2025-11-09 14:35:40.711094+00	ProductGallery	image-gallery-3-13.jpg	uploads/image-gallery-3-13.jpg	f
ec6c4e8d-5374-4a54-9930-dbaedf731645	AzureStorage	2025-11-09 14:35:40.711094+00	ProductGallery	image-gallery-1-14.jpg	uploads/image-gallery-1-14.jpg	f
af0e3ae6-a09e-478c-aa80-6a85dace821d	AzureStorage	2025-11-09 16:24:51.297572+00	ProductGallery	image-product-4.jpg	uploads/image-product-4.jpg	t
e3c9fedc-463d-4430-9f6d-07087110236f	AzureStorage	2025-11-09 14:09:43.936284+00	ProductGallery	image-gallery-3-10.jpg	uploads/image-gallery-3-10.jpg	f
9aa51b49-892e-4a7a-b6b8-cd9a331a6bc6	AzureStorage	2025-11-09 16:36:59.846972+00	ProductGallery	image-category-page-preview-14.jpg	uploads/image-category-page-preview-14.jpg	f
d353cee5-d722-4fe7-9ce4-a9683e2396fc	AzureStorage	2025-11-09 16:37:32.851706+00	ProductGallery	image-category-page-preview-15.jpg	uploads/image-category-page-preview-15.jpg	t
5ad3c541-6d2a-4649-be9c-6bdc1409a168	AzureStorage	2025-11-09 16:37:46.962015+00	ProductGallery	image-gallery-1-15.jpg	uploads/image-gallery-1-15.jpg	f
b8977517-9a13-41b6-9876-39d0f2ee130e	AzureStorage	2025-11-09 16:42:05.780894+00	ProductGallery	image-gallery-1-16.jpg	uploads/image-gallery-1-16.jpg	f
671f2096-4eea-4d27-a8a7-e38e09c92719	AzureStorage	2025-11-09 17:03:05.335108+00	ProductGallery	image-gallery-2-14.jpg	uploads/image-gallery-2-14.jpg	t
47a699a6-938d-4268-8510-e2ef49e5ad67	AzureStorage	2025-11-09 17:03:21.225443+00	ProductGallery	image-gallery-3-14.jpg	uploads/image-gallery-3-14.jpg	f
32013b15-b88a-48da-a7ca-d442caa2ebf7	AzureStorage	2025-11-09 17:12:09.300447+00	ProductGallery	image-gallery-3-15.jpg	uploads/image-gallery-3-15.jpg	f
5b17ec3e-f454-4b2c-9d00-f2e31dcc7892	AzureStorage	2025-11-09 17:12:09.300445+00	ProductGallery	image-category-page-preview-16.jpg	uploads/image-category-page-preview-16.jpg	t
c8e64a38-f709-4f30-ac38-563d9c8a314e	AzureStorage	2025-11-09 17:12:09.300447+00	ProductGallery	image-gallery-1-17.jpg	uploads/image-gallery-1-17.jpg	f
e8d80f3b-4881-4085-831c-d790579630cb	AzureStorage	2025-11-09 17:12:09.300447+00	ProductGallery	image-gallery-2-15.jpg	uploads/image-gallery-2-15.jpg	f
864d3460-6bcc-4b0a-b1a8-7a2a0f9f760d	AzureStorage	2025-11-09 17:34:39.320989+00	ProductGallery	image-product-5.jpg	https://minieticaret57.blob.core.windows.net/uploads/image-product-5.jpg	t
8b5a4d13-1cb5-4322-b780-5b9d8244fb5c	AzureStorage	2025-11-09 17:37:22.537101+00	ProductGallery	image-gallery-3-16.jpg	https://minieticaret57.blob.core.windows.net/uploads/image-gallery-3-16.jpg	f
95d6ee89-995e-4271-bf98-c405f6cb12f5	AzureStorage	2025-11-09 17:37:22.537101+00	ProductGallery	image-gallery-2-16.jpg	https://minieticaret57.blob.core.windows.net/uploads/image-gallery-2-16.jpg	f
bd834ab2-286a-4d0e-8511-41b862515f0c	AzureStorage	2025-11-09 17:37:22.5371+00	ProductGallery	image-gallery-1-18.jpg	https://minieticaret57.blob.core.windows.net/uploads/image-gallery-1-18.jpg	f
c11d1190-7fb2-45e2-bdf9-5b1f16e583a8	AzureStorage	2025-11-09 17:37:22.537099+00	ProductGallery	image-category-page-preview-17.jpg	https://minieticaret57.blob.core.windows.net/uploads/image-category-page-preview-17.jpg	t
0dd04db6-3417-4b8b-8138-fbf8209f09a1	AzureStorage	2025-11-09 17:40:13.628175+00	ProductGallery	pro-60-bluetooth-kulaklik-tws-kulakici-kablosuz-gaming-kulaklik-kcm86497072-1-c23da32eeb1d46b8aee7aabfa49a5dc2.jpg	https://minieticaret57.blob.core.windows.net/uploads/pro-60-bluetooth-kulaklik-tws-kulakici-kablosuz-gaming-kulaklik-kcm86497072-1-c23da32eeb1d46b8aee7aabfa49a5dc2.jpg	f
c190d72a-a335-4825-871a-7622cec46ddb	AzureStorage	2025-11-09 17:40:13.628173+00	ProductGallery	pro-60-bluetooth-kulaklik-tws-kulakici-kablosuz-gaming-kulaklik-kcm86497072-1-306a63ff528a443498a83d86473a1c29.jpg	https://minieticaret57.blob.core.windows.net/uploads/pro-60-bluetooth-kulaklik-tws-kulakici-kablosuz-gaming-kulaklik-kcm86497072-1-306a63ff528a443498a83d86473a1c29.jpg	t
07c31fb4-81d1-46e2-9d0b-99157735fe53	AzureStorage	2025-11-09 17:42:21.254864+00	ProductGallery	image-gallery-1.jpg	https://minieticaret57.blob.core.windows.net/uploads/image-gallery-1.jpg	f
3db0818d-60e4-493b-a62c-622293950d1a	AzureStorage	2025-11-09 17:42:21.254864+00	ProductGallery	image-gallery-3.jpg	https://minieticaret57.blob.core.windows.net/uploads/image-gallery-3.jpg	f
8e7a51b7-0ce6-4ec0-ab03-abfc586da773	AzureStorage	2025-11-09 17:42:21.254864+00	ProductGallery	image-gallery-2.jpg	https://minieticaret57.blob.core.windows.net/uploads/image-gallery-2.jpg	f
ef450f37-5855-4243-886b-5a8345f9fb9d	AzureStorage	2025-11-09 17:42:21.254863+00	ProductGallery	image-category-page-preview.jpg	https://minieticaret57.blob.core.windows.net/uploads/image-category-page-preview.jpg	t
3166d8c2-ef68-400d-a243-bcc137cc66cd	AzureStorage	2025-11-09 17:42:57.507301+00	ProductGallery	LPH-TW10-3.png	https://minieticaret57.blob.core.windows.net/uploads/LPH-TW10-3.png	f
93950bec-7657-4bfb-8f0b-6656b306219d	AzureStorage	2025-11-09 17:42:57.507301+00	ProductGallery	LPH-TW10-2.png	https://minieticaret57.blob.core.windows.net/uploads/LPH-TW10-2.png	f
c0ca242f-c695-4bf9-ba5d-9912d396b76d	AzureStorage	2025-11-09 17:42:57.507302+00	ProductGallery	LPH-TW10.png	https://minieticaret57.blob.core.windows.net/uploads/LPH-TW10.png	t
c34a3b8b-6cac-4c72-992e-2890d967a323	AzureStorage	2025-11-09 17:42:57.5073+00	ProductGallery	LPH-TW10-1.png	https://minieticaret57.blob.core.windows.net/uploads/LPH-TW10-1.png	f
08976558-4143-4e7c-b8ca-0caae75c792d	AzureStorage	2025-11-09 17:43:38.267896+00	ProductGallery	image-gallery-1-1.jpg	https://minieticaret57.blob.core.windows.net/uploads/image-gallery-1-1.jpg	f
50e2c4af-694a-4bc2-aa0d-b89a89ccb31c	AzureStorage	2025-11-09 17:43:38.2679+00	ProductGallery	image-gallery-3-1.jpg	https://minieticaret57.blob.core.windows.net/uploads/image-gallery-3-1.jpg	t
70b60c5d-8a9a-40cb-9ad9-ecd011f2fd73	AzureStorage	2025-11-09 17:43:38.267895+00	ProductGallery	image-category-page-preview-1.jpg	https://minieticaret57.blob.core.windows.net/uploads/image-category-page-preview-1.jpg	f
d5e016af-86ce-4e6c-ac4c-51f5266aed1d	AzureStorage	2025-11-09 17:43:38.267899+00	ProductGallery	image-gallery-2-1.jpg	https://minieticaret57.blob.core.windows.net/uploads/image-gallery-2-1.jpg	f
09ac61e6-0f0d-4915-a2b8-61dc425eba69	AzureStorage	2025-11-09 17:43:56.304728+00	ProductGallery	image-category-page-preview-2.jpg	https://minieticaret57.blob.core.windows.net/uploads/image-category-page-preview-2.jpg	t
2e391b5e-41a5-4e2e-9a91-381da934102b	AzureStorage	2025-11-09 17:43:56.30473+00	ProductGallery	image-gallery-2-2.jpg	https://minieticaret57.blob.core.windows.net/uploads/image-gallery-2-2.jpg	f
87e19f48-a97a-4f3c-a1c7-85f507dd9cdf	AzureStorage	2025-11-09 17:43:56.304729+00	ProductGallery	image-gallery-1-2.jpg	https://minieticaret57.blob.core.windows.net/uploads/image-gallery-1-2.jpg	f
b972d103-9608-4f91-b461-8564108098f8	AzureStorage	2025-11-09 17:43:56.30473+00	ProductGallery	image-gallery-3-2.jpg	https://minieticaret57.blob.core.windows.net/uploads/image-gallery-3-2.jpg	f
0b43c70e-b271-43b0-b891-c56cc75e7020	AzureStorage	2025-11-09 17:44:26.083388+00	ProductGallery	image-gallery-3-3.jpg	https://minieticaret57.blob.core.windows.net/uploads/image-gallery-3-3.jpg	f
1282cd04-3689-402d-ae1f-6cd8701b56f2	AzureStorage	2025-11-09 17:44:26.083388+00	ProductGallery	image-gallery-2-3.jpg	https://minieticaret57.blob.core.windows.net/uploads/image-gallery-2-3.jpg	f
9ed10f8c-dc7f-44d6-b09b-847cb4bc030c	AzureStorage	2025-11-09 17:44:26.083387+00	ProductGallery	image-category-page-preview-3.jpg	https://minieticaret57.blob.core.windows.net/uploads/image-category-page-preview-3.jpg	t
b65f5162-723a-4ed2-93d6-65e3eeb7acaf	AzureStorage	2025-11-09 17:44:26.083388+00	ProductGallery	image-gallery-1-3.jpg	https://minieticaret57.blob.core.windows.net/uploads/image-gallery-1-3.jpg	f
79bcf455-1b97-4545-aa04-fa8cd955aea2	AzureStorage	2025-11-09 17:44:47.346349+00	ProductGallery	image-gallery-2-4.jpg	https://minieticaret57.blob.core.windows.net/uploads/image-gallery-2-4.jpg	f
7af8cdff-5e84-44c6-8ea3-da7bd7ccaffe	AzureStorage	2025-11-09 17:44:47.346346+00	ProductGallery	image-category-page-preview-4.jpg	https://minieticaret57.blob.core.windows.net/uploads/image-category-page-preview-4.jpg	t
a78c050c-ccb3-429b-a6f9-92d10d2f4712	AzureStorage	2025-11-09 17:44:47.346351+00	ProductGallery	image-gallery-3-4.jpg	https://minieticaret57.blob.core.windows.net/uploads/image-gallery-3-4.jpg	f
d81574d2-e834-4df1-af11-ac2e9c94a1c4	AzureStorage	2025-11-09 17:44:47.346347+00	ProductGallery	image-gallery-1-4.jpg	https://minieticaret57.blob.core.windows.net/uploads/image-gallery-1-4.jpg	f
115982fe-f809-4862-8e67-20a6aaea8f99	AzureStorage	2025-11-09 17:45:42.302964+00	ProductGallery	image-gallery-3-5.jpg	https://minieticaret57.blob.core.windows.net/uploads/image-gallery-3-5.jpg	f
17746b2a-dc0e-4b26-b733-1c107fbfeeed	AzureStorage	2025-11-09 17:45:42.302964+00	ProductGallery	image-gallery-2-5.jpg	https://minieticaret57.blob.core.windows.net/uploads/image-gallery-2-5.jpg	f
6b19a9c0-3e9b-4604-ac42-9fac2e02d6b0	AzureStorage	2025-11-09 17:45:42.302964+00	ProductGallery	image-gallery-1-5.jpg	https://minieticaret57.blob.core.windows.net/uploads/image-gallery-1-5.jpg	f
73466538-e95f-470f-9c6e-8fa1c53919f1	AzureStorage	2025-11-09 17:45:42.302963+00	ProductGallery	image-category-page-preview-5.jpg	https://minieticaret57.blob.core.windows.net/uploads/image-category-page-preview-5.jpg	t
0401a2ce-862f-42bd-af1c-207b1b19207a	AzureStorage	2025-11-09 17:46:17.630986+00	ProductGallery	image-gallery-3-6.jpg	https://minieticaret57.blob.core.windows.net/uploads/image-gallery-3-6.jpg	t
0b27c722-7026-4bbe-9f94-135c2d20c05d	AzureStorage	2025-11-09 17:46:17.630985+00	ProductGallery	image-gallery-1-6.jpg	https://minieticaret57.blob.core.windows.net/uploads/image-gallery-1-6.jpg	f
6b2f0482-5802-4560-86b3-4645b0c4bcb3	AzureStorage	2025-11-09 17:46:17.630984+00	ProductGallery	image-category-page-preview-6.jpg	https://minieticaret57.blob.core.windows.net/uploads/image-category-page-preview-6.jpg	f
f42bc332-9a3a-483b-a66f-7e9e42887808	AzureStorage	2025-11-09 17:46:17.630985+00	ProductGallery	image-gallery-2-6.jpg	https://minieticaret57.blob.core.windows.net/uploads/image-gallery-2-6.jpg	f
53cdee2a-18cf-4f91-bbec-06b247917448	AzureStorage	2025-11-09 17:46:38.108201+00	ProductGallery	71ylppzgIIL-ACSX522.jpg	https://minieticaret57.blob.core.windows.net/uploads/71ylppzgIIL-ACSX522.jpg	f
8cc58d34-beb6-4868-a611-d432fda42883	AzureStorage	2025-11-09 17:46:38.108199+00	ProductGallery	71kR5sj6lQL-ACSX522.jpg	https://minieticaret57.blob.core.windows.net/uploads/71kR5sj6lQL-ACSX522.jpg	t
bf5a0fc6-3625-4047-8e40-8d9083bad9f6	AzureStorage	2025-11-09 17:46:38.108202+00	ProductGallery	71ZcA8apwrL-ACSX522.jpg	https://minieticaret57.blob.core.windows.net/uploads/71ZcA8apwrL-ACSX522.jpg	f
d43a5185-bf5c-4b2f-ade8-f7c2129c098a	AzureStorage	2025-11-09 17:46:38.108202+00	ProductGallery	81gFWftEd2L-ACSX522.jpg	https://minieticaret57.blob.core.windows.net/uploads/81gFWftEd2L-ACSX522.jpg	f
1bb09fa2-a064-4633-9f3a-d2062b550215	AzureStorage	2025-11-09 17:46:53.552808+00	ProductGallery	145617-3large.jpg	https://minieticaret57.blob.core.windows.net/uploads/145617-3large.jpg	f
241eb4cb-c79d-425f-b196-6abc2f11e22d	AzureStorage	2025-11-09 17:46:53.55281+00	ProductGallery	145617-8large.jpg	https://minieticaret57.blob.core.windows.net/uploads/145617-8large.jpg	f
4c6b86c9-0f9c-4345-9ead-1c0b17b48064	AzureStorage	2025-11-09 17:46:53.552809+00	ProductGallery	145617-6large.jpg	https://minieticaret57.blob.core.windows.net/uploads/145617-6large.jpg	t
f3e20d0b-084d-436b-91c1-a82095f552c1	AzureStorage	2025-11-09 17:46:53.552809+00	ProductGallery	145617-7large.jpg	https://minieticaret57.blob.core.windows.net/uploads/145617-7large.jpg	f
4c9a01fd-4802-4fa2-9354-1b5cc359f19e	AzureStorage	2025-11-09 17:47:20.63543+00	ProductGallery	image-gallery-1-7.jpg	https://minieticaret57.blob.core.windows.net/uploads/image-gallery-1-7.jpg	f
670a1740-a14c-4519-bb74-2d36a1f04309	AzureStorage	2025-11-09 17:47:20.635429+00	ProductGallery	image-category-page-preview-7.jpg	https://minieticaret57.blob.core.windows.net/uploads/image-category-page-preview-7.jpg	t
b44442d5-2ad9-4a10-9793-ac99e718203d	AzureStorage	2025-11-09 17:47:20.635431+00	ProductGallery	image-gallery-3-7.jpg	https://minieticaret57.blob.core.windows.net/uploads/image-gallery-3-7.jpg	f
d8647ae8-6ee2-49c5-b9a3-43f7c40793fb	AzureStorage	2025-11-09 17:47:20.635431+00	ProductGallery	image-gallery-2-7.jpg	https://minieticaret57.blob.core.windows.net/uploads/image-gallery-2-7.jpg	f
10b1a3f1-5afd-4fa3-a164-5b3146da37e0	AzureStorage	2025-11-09 17:47:47.137157+00	ProductGallery	image-gallery-2-8.jpg	https://minieticaret57.blob.core.windows.net/uploads/image-gallery-2-8.jpg	f
524bd3ad-5d39-44d2-a761-953e7b65b2c8	AzureStorage	2025-11-09 17:47:47.137157+00	ProductGallery	image-gallery-1-8.jpg	https://minieticaret57.blob.core.windows.net/uploads/image-gallery-1-8.jpg	f
940a7cd6-2be8-44e0-97fc-c272484bdd0b	AzureStorage	2025-11-09 17:47:47.137156+00	ProductGallery	image-category-page-preview-8.jpg	https://minieticaret57.blob.core.windows.net/uploads/image-category-page-preview-8.jpg	t
e0403ab4-274b-4d60-b8fb-31dc6b873eb5	AzureStorage	2025-11-09 17:47:47.137158+00	ProductGallery	image-gallery-3-8.jpg	https://minieticaret57.blob.core.windows.net/uploads/image-gallery-3-8.jpg	f
0ebdc078-a4e1-459d-8219-a9cecd45dbc7	AzureStorage	2025-11-09 18:13:47.382477+00	ProductGallery	image-gallery-1-9.jpg	https://minieticaret57.blob.core.windows.net/uploads/image-gallery-1-9.jpg	f
609ba519-80c9-46b8-8684-b5de635a8c76	AzureStorage	2025-11-09 18:13:47.382476+00	ProductGallery	image-category-page-preview-9.jpg	https://minieticaret57.blob.core.windows.net/uploads/image-category-page-preview-9.jpg	f
9e99182b-6c04-4b37-a2a6-cb5327871a40	AzureStorage	2025-11-09 18:13:47.382478+00	ProductGallery	image-gallery-3-9.jpg	https://minieticaret57.blob.core.windows.net/uploads/image-gallery-3-9.jpg	f
9f37465f-4740-4fd8-a6d8-dcfbb3eb632f	AzureStorage	2025-11-09 18:13:47.382478+00	ProductGallery	image-product.jpg	https://minieticaret57.blob.core.windows.net/uploads/image-product.jpg	f
a31b7d98-a64a-43c3-91be-b50dcc013472	AzureStorage	2025-11-09 18:13:47.382478+00	ProductGallery	image-gallery-2-9.jpg	https://minieticaret57.blob.core.windows.net/uploads/image-gallery-2-9.jpg	f
bd5a18fb-88e6-4c22-b55c-f2453ec030bc	AzureStorage	2025-11-09 18:18:06.89096+00	ProductGallery	image-category-page-preview-10.jpg	https://minieticaret57.blob.core.windows.net/uploads/image-category-page-preview-10.jpg	t
b315a67d-f904-4446-876f-c8cf4b550d84	AzureStorage	2025-11-09 19:21:10.294877+00	ProductGallery	image-category-page-preview-11.jpg	https://minieticaret57.blob.core.windows.net/uploads/image-category-page-preview-11.jpg	f
9bb7c2cb-95da-4e97-add8-ad8d929053e7	AzureStorage	2025-11-11 17:52:48.3305+00	ProductGallery	image-category-page-preview-12.jpg	https://minieticaret57.blob.core.windows.net/uploads/image-category-page-preview-12.jpg	f
34605cec-ba06-4d6a-868c-d70dbeb4808a	AzureStorage	2025-11-20 06:03:10.425403+00	ProductGallery	Test.png	https://minieticaret57.blob.core.windows.net/uploads/Test.png	f
5fe2aca3-a6d0-417b-bf93-1b8f7a07cc53	AzureStorage	2025-11-20 06:03:33.686674+00	ProductGallery	Test-1.png	https://minieticaret57.blob.core.windows.net/uploads/Test-1.png	f
6a91780f-55aa-4396-8aaa-fc1605ba8451	AzureStorage	2025-11-20 06:03:57.858032+00	ProductGallery	Test-2.png	https://minieticaret57.blob.core.windows.net/uploads/Test-2.png	t
\.

-- ProductBoxes (Kutular) - BURASI EKSİKTİ, ŞİMDİ TAM
COPY public."ProductBoxes" ("Id", "Name", "Quantity", "ProductId", "CreatedDate", "UpdatedDate") FROM stdin;
b22adc46-ca3c-43a0-8242-57b27f8bfd0b	USB-C Cable	1	abc72bc2-1b81-4610-9afc-47528f869bcd	2025-10-19 18:12:32.967429+00	-infinity
cd140fc7-9c71-4661-a88f-9659c36497bf	Standard Box	1	abc72bc2-1b81-4610-9afc-47528f869bcd	2025-10-19 18:12:32.967429+00	-infinity
ecec8640-f40a-4d28-94d2-74c2480fbebb	Carry Pouch	1	abc72bc2-1b81-4610-9afc-47528f869bcd	2025-10-19 18:12:32.967429+00	-infinity
5d671f95-735e-400d-a468-1dad7343930c	Standard Box	1	78f17bc5-0191-4c3d-9ed6-8aa4a5432a00	2025-10-19 18:17:27.713645+00	-infinity
c78a57fc-35e8-4cfd-aefc-bd3fac01da19	USB-C Cable	1	78f17bc5-0191-4c3d-9ed6-8aa4a5432a00	2025-10-19 18:17:27.713645+00	-infinity
6034478c-125a-4a9c-aca3-e7abe70ebe00	USB-C Cable	1	a5035ca4-8d19-454c-9b1b-0100333fd0ab	2025-10-19 18:17:34.833623+00	-infinity
9c431e01-cb69-4ed2-afeb-4f4b973caea4	Standard Box	1	a5035ca4-8d19-454c-9b1b-0100333fd0ab	2025-10-19 18:17:34.833623+00	-infinity
8362869d-1651-41e7-aa35-4437a511c490	Headphone unit	1	817ad4a5-135d-4cd1-ade6-f156067c5efc	2025-11-09 14:20:41.280597+00	-infinity
a4507d84-9807-4253-8d41-8f6f1df29447	Replacement earcups	2	817ad4a5-135d-4cd1-ade6-f156067c5efc	2025-11-09 14:20:49.441763+00	-infinity
02f6835d-8464-4c00-9061-9247a601f754	User manual	1	817ad4a5-135d-4cd1-ade6-f156067c5efc	2025-11-09 14:20:57.717146+00	-infinity
adf851de-452c-42c8-a5b7-2925ed938a84	3.5mm 5m audio cable	1	817ad4a5-135d-4cd1-ade6-f156067c5efc	2025-11-09 14:21:00.778809+00	-infinity
36f097be-df79-4aa3-886f-49b5f180630d	Speaker unit	2	3bd53a63-4788-4ae8-8b73-96cfe8e98c73	2025-11-09 14:23:50.673634+00	-infinity
4c95335f-4bbe-4308-b3c1-d40fe977f247	Speaker cloth panel	2	3bd53a63-4788-4ae8-8b73-96cfe8e98c73	2025-11-09 14:23:56.31331+00	-infinity
9c1542c2-f96e-46de-99c8-cb4e83a0cefb	User manual	1	3bd53a63-4788-4ae8-8b73-96cfe8e98c73	2025-11-09 14:24:01.499655+00	-infinity
958ae78e-4ee7-4137-bb09-ddde05b1c1f0	3.5mm 7.5m audio cable	1	3bd53a63-4788-4ae8-8b73-96cfe8e98c73	2025-11-09 14:24:05.988471+00	-infinity
d6eb29ff-09ca-4516-bf64-34437181b801	7.5m optical cable	1	3bd53a63-4788-4ae8-8b73-96cfe8e98c73	2025-11-09 14:24:10.401719+00	-infinity
28b44807-54af-4ed1-831a-8d8210944fa5	Travel Bag	1	9b3834b4-d71e-4bf1-9a57-dd628d5307e2	2025-11-07 18:25:53.186855+00	-infinity
2f1bd1d9-dd83-4e0c-bc9b-0f82772c3ff4	3.5mm 5m Audio Cable	1	9b3834b4-d71e-4bf1-9a57-dd628d5307e2	2025-11-07 18:25:53.186854+00	-infinity
4c84b0e9-8678-419a-ae9c-62ebaf440c0c	Replacement Earcups	2	9b3834b4-d71e-4bf1-9a57-dd628d5307e2	2025-11-07 18:25:53.186854+00	-infinity
7a83ddf0-4864-43a2-b869-51a05c7a26b2	User Manual	1	9b3834b4-d71e-4bf1-9a57-dd628d5307e2	2025-11-07 18:25:53.186854+00	-infinity
b399cf52-d9f7-4b4e-bf25-f29c25bb84a3	Headphone Unit	1	9b3834b4-d71e-4bf1-9a57-dd628d5307e2	2025-11-07 18:25:53.186852+00	-infinity
4ca982dc-d58e-4534-a3ea-cdbf2c7016f2	User manual	1	09ec72c1-e06e-49cf-a956-6b74ebeb5c98	2025-11-09 14:08:44.047801+00	-infinity
526ab9d3-a1b6-46ed-930c-76a2c1a4f72f	Travel pouch	1	09ec72c1-e06e-49cf-a956-6b74ebeb5c98	2025-11-09 14:08:44.047802+00	-infinity
5a0c4629-eb3e-4eab-b71c-e5c91a5025e0	Multi-size earplugs	6	09ec72c1-e06e-49cf-a956-6b74ebeb5c98	2025-11-09 14:08:44.047801+00	-infinity
779e4999-d986-4d5d-9147-60bd5c88b4dd	USB-C charging cable	1	09ec72c1-e06e-49cf-a956-6b74ebeb5c98	2025-11-09 14:08:44.047801+00	-infinity
d0404a2c-072e-46eb-8b04-95ea26373564	Earphone unit	2	09ec72c1-e06e-49cf-a956-6b74ebeb5c98	2025-11-09 14:08:44.0478+00	-infinity
370b4e7b-4890-4d68-a77d-70d3cdd36cd6	Earphone unit	2	8b14d726-bc5e-4d14-9d9d-18843d3e337a	2025-11-09 14:12:38.191083+00	-infinity
f49658a7-b9a7-49e0-9d9f-2b8b334606b5	USB-C charging cable	1	8b14d726-bc5e-4d14-9d9d-18843d3e337a	2025-11-09 14:12:45.69063+00	-infinity
82e8a530-9bc2-4f3f-bdae-97257f34b3b3	User manual	1	8b14d726-bc5e-4d14-9d9d-18843d3e337a	2025-11-09 14:12:52.458318+00	-infinity
2757ea9f-6f9f-44c2-a41e-d7ef44a912c8	Travel pouch	1	8b14d726-bc5e-4d14-9d9d-18843d3e337a	2025-11-09 14:12:59.804718+00	-infinity
f551e319-d229-49fb-914e-303213a81e7b	Multi-size earplugs	6	8b14d726-bc5e-4d14-9d9d-18843d3e337a	2025-11-09 14:13:08.340535+00	-infinity
810d65d2-a54a-449f-8236-fac5bbc9035f	Earphone unit	2	0bb82c84-2565-4bb3-826d-78484791a741	2025-11-09 14:18:27.865693+00	-infinity
b0f55491-fb22-4db7-a9f7-9b6e7bea92e0	USB-C charging cable	1	0bb82c84-2565-4bb3-826d-78484791a741	2025-11-09 14:18:27.865694+00	-infinity
c55e59c6-0a90-4bb8-821e-cc34c9699abe	Travel pouch	1	0bb82c84-2565-4bb3-826d-78484791a741	2025-11-09 14:18:27.865694+00	-infinity
ffd4708b-de5e-476f-9e7c-ebd7e8965491	Speaker unit	1	c5f0315b-94b9-46e7-b06f-ab6344eed277	2025-11-09 14:32:28.486535+00	-infinity
68c3fb56-0a9f-4996-8945-323635c15bec	USB-C charging cable	1	c5f0315b-94b9-46e7-b06f-ab6344eed277	2025-11-09 14:32:35.712341+00	-infinity
2370fb15-bf64-48fc-a6a6-a19dff106351	Wall adapter (20W)	1	c5f0315b-94b9-46e7-b06f-ab6344eed277	2025-11-09 14:32:41.115279+00	-infinity
e6588ab3-a927-40a6-abcf-caa32a141a28	Speaker unit	1	ce608935-19b5-4aa3-a5da-f29740d6717c	2025-11-09 14:33:15.652891+00	-infinity
c03f9869-8c39-4b76-99bc-dcfc17c88907	Power cable (EU)	1	ce608935-19b5-4aa3-a5da-f29740d6717c	2025-11-09 14:33:20.300482+00	-infinity
01630049-157d-4a35-9067-afbd9363381d	3.5mm to RCA cable	1	ce608935-19b5-4aa3-a5da-f29740d6717c	2025-11-09 14:33:24.699753+00	-infinity
e1cb6e5f-4043-44f0-81e7-8921a11f5a67	Headphone unit	1	6a8c74df-c10c-42b9-86fa-9a35d0c1f3c0	2025-11-09 14:40:01.465896+00	-infinity
cc87d5cd-20dc-4883-9956-8e0ceeb0749c	USB-C charging cable	1	6a8c74df-c10c-42b9-86fa-9a35d0c1f3c0	2025-11-09 14:40:06.61982+00	-infinity
febee5d4-c85c-489a-867b-5062cf9dc8ab	3.5mm braided audio cable	1	6a8c74df-c10c-42b9-86fa-9a35d0c1f3c0	2025-11-09 14:40:13.335302+00	-infinity
d1684318-5329-405f-bf89-013005144042	Cleaning cloth	1	6a8c74df-c10c-42b9-86fa-9a35d0c1f3c0	2025-11-09 14:40:19.471571+00	-infinity
\.

-- ProductProductGallery (Ürün-Resim İlişkileri) - BURASI EKSİKTİ, ŞİMDİ TAM
COPY public."ProductProductGallery" ("ProductGalleriesId", "ProductId") FROM stdin;
0dd04db6-3417-4b8b-8138-fbf8209f09a1	0bb82c84-2565-4bb3-826d-78484791a741
c190d72a-a335-4825-871a-7622cec46ddb	0bb82c84-2565-4bb3-826d-78484791a741
07c31fb4-81d1-46e2-9d0b-99157735fe53	09ec72c1-e06e-49cf-a956-6b74ebeb5c98
3db0818d-60e4-493b-a62c-622293950d1a	09ec72c1-e06e-49cf-a956-6b74ebeb5c98
8e7a51b7-0ce6-4ec0-ab03-abfc586da773	09ec72c1-e06e-49cf-a956-6b74ebeb5c98
ef450f37-5855-4243-886b-5a8345f9fb9d	09ec72c1-e06e-49cf-a956-6b74ebeb5c98
3166d8c2-ef68-400d-a243-bcc137cc66cd	8b14d726-bc5e-4d14-9d9d-18843d3e337a
93950bec-7657-4bfb-8f0b-6656b306219d	8b14d726-bc5e-4d14-9d9d-18843d3e337a
c0ca242f-c695-4bf9-ba5d-9912d396b76d	8b14d726-bc5e-4d14-9d9d-18843d3e337a
c34a3b8b-6cac-4c72-992e-2890d967a323	8b14d726-bc5e-4d14-9d9d-18843d3e337a
08976558-4143-4e7c-b8ca-0caae75c792d	78f17bc5-0191-4c3d-9ed6-8aa4a5432a00
50e2c4af-694a-4bc2-aa0d-b89a89ccb31c	78f17bc5-0191-4c3d-9ed6-8aa4a5432a00
70b60c5d-8a9a-40cb-9ad9-ecd011f2fd73	78f17bc5-0191-4c3d-9ed6-8aa4a5432a00
d5e016af-86ce-4e6c-ac4c-51f5266aed1d	78f17bc5-0191-4c3d-9ed6-8aa4a5432a00
09ac61e6-0f0d-4915-a2b8-61dc425eba69	817ad4a5-135d-4cd1-ade6-f156067c5efc
2e391b5e-41a5-4e2e-9a91-381da934102b	817ad4a5-135d-4cd1-ade6-f156067c5efc
87e19f48-a97a-4f3c-a1c7-85f507dd9cdf	817ad4a5-135d-4cd1-ade6-f156067c5efc
b972d103-9608-4f91-b461-8564108098f8	817ad4a5-135d-4cd1-ade6-f156067c5efc
0b43c70e-b271-43b0-b891-c56cc75e7020	9b3834b4-d71e-4bf1-9a57-dd628d5307e2
1282cd04-3689-402d-ae1f-6cd8701b56f2	9b3834b4-d71e-4bf1-9a57-dd628d5307e2
9ed10f8c-dc7f-44d6-b09b-847cb4bc030c	9b3834b4-d71e-4bf1-9a57-dd628d5307e2
b65f5162-723a-4ed2-93d6-65e3eeb7acaf	9b3834b4-d71e-4bf1-9a57-dd628d5307e2
115982fe-f809-4862-8e67-20a6aaea8f99	abc72bc2-1b81-4610-9afc-47528f869bcd
17746b2a-dc0e-4b26-b733-1c107fbfeeed	abc72bc2-1b81-4610-9afc-47528f869bcd
6b19a9c0-3e9b-4604-ac42-9fac2e02d6b0	abc72bc2-1b81-4610-9afc-47528f869bcd
73466538-e95f-470f-9c6e-8fa1c53919f1	abc72bc2-1b81-4610-9afc-47528f869bcd
0401a2ce-862f-42bd-af1c-207b1b19207a	6a8c74df-c10c-42b9-86fa-9a35d0c1f3c0
0b27c722-7026-4bbe-9f94-135c2d20c05d	6a8c74df-c10c-42b9-86fa-9a35d0c1f3c0
6b2f0482-5802-4560-86b3-4645b0c4bcb3	6a8c74df-c10c-42b9-86fa-9a35d0c1f3c0
f42bc332-9a3a-483b-a66f-7e9e42887808	6a8c74df-c10c-42b9-86fa-9a35d0c1f3c0
53cdee2a-18cf-4f91-bbec-06b247917448	c5f0315b-94b9-46e7-b06f-ab6344eed277
8cc58d34-beb6-4868-a611-d432fda42883	c5f0315b-94b9-46e7-b06f-ab6344eed277
bf5a0fc6-3625-4047-8e40-8d9083bad9f6	c5f0315b-94b9-46e7-b06f-ab6344eed277
d43a5185-bf5c-4b2f-ade8-f7c2129c098a	c5f0315b-94b9-46e7-b06f-ab6344eed277
1bb09fa2-a064-4633-9f3a-d2062b550215	ce608935-19b5-4aa3-a5da-f29740d6717c
241eb4cb-c79d-425f-b196-6abc2f11e22d	ce608935-19b5-4aa3-a5da-f29740d6717c
4c6b86c9-0f9c-4345-9ead-1c0b17b48064	ce608935-19b5-4aa3-a5da-f29740d6717c
f3e20d0b-084d-436b-91c1-a82095f552c1	ce608935-19b5-4aa3-a5da-f29740d6717c
4c9a01fd-4802-4fa2-9354-1b5cc359f19e	a5035ca4-8d19-454c-9b1b-0100333fd0ab
670a1740-a14c-4519-bb74-2d36a1f04309	a5035ca4-8d19-454c-9b1b-0100333fd0ab
b44442d5-2ad9-4a10-9793-ac99e718203d	a5035ca4-8d19-454c-9b1b-0100333fd0ab
d8647ae8-6ee2-49c5-b9a3-43f7c40793fb	a5035ca4-8d19-454c-9b1b-0100333fd0ab
10b1a3f1-5afd-4fa3-a164-5b3146da37e0	3bd53a63-4788-4ae8-8b73-96cfe8e98c73
524bd3ad-5d39-44d2-a761-953e7b65b2c8	3bd53a63-4788-4ae8-8b73-96cfe8e98c73
940a7cd6-2be8-44e0-97fc-c272484bdd0b	3bd53a63-4788-4ae8-8b73-96cfe8e98c73
e0403ab4-274b-4d60-b8fb-31dc6b873eb5	3bd53a63-4788-4ae8-8b73-96cfe8e98c73
\.

-- Carts
COPY dbo."Carts" ("Id", "UserId", "SessionId", "ExpiryDate", "Status", "CreatedDate", "UpdatedDate") FROM stdin;
0c9d7c72-e80a-43ed-a271-c8efb263d5d9	\N	79e99521-f3b3-4593-829c-721fe245d74c	\N	1	2025-11-14 10:38:37.404711+00	-infinity
652bb892-d726-410d-abdd-125dae0b7228	\N	898c86ce-e360-44ab-bf04-fb58113c7f6d	\N	1	2025-11-15 10:04:00.54518+00	2025-11-28 19:21:28.738054+00
09303cc2-b365-4139-9c4d-0ebdaab17a59	573fdd50-b313-4c88-a6c1-9a06ff96caf4	898c86ce-e360-44ab-bf04-fb58113c7f6d	\N	1	2025-12-03 22:24:26.47047+00	-infinity
\.

-- CartItems
COPY dbo."CartItems" ("Id", "CartId", "ProductId", "Quantity", "UnitPrice", "CreatedDate", "UpdatedDate") FROM stdin;
d72722f1-8180-4ba3-b8da-63bb65adbe77	0c9d7c72-e80a-43ed-a271-c8efb263d5d9	6a8c74df-c10c-42b9-86fa-9a35d0c1f3c0	1	1199.00	2025-11-14 10:38:37.404824+00	-infinity
fc5520f8-41b5-4597-a601-733c0765e2c1	652bb892-d726-410d-abdd-125dae0b7228	78f17bc5-0191-4c3d-9ed6-8aa4a5432a00	1	94.00	2025-12-03 18:58:03.655897+00	-infinity
b0c027a7-34ed-4486-9e96-1e91dac86c72	09303cc2-b365-4139-9c4d-0ebdaab17a59	78f17bc5-0191-4c3d-9ed6-8aa4a5432a00	1	94.00	2025-12-03 22:29:37.20484+00	-infinity
2fb18a55-885d-449b-9aee-060034c43f8c	652bb892-d726-410d-abdd-125dae0b7228	09ec72c1-e06e-49cf-a956-6b74ebeb5c98	2	599.00	2025-12-02 06:23:43.037302+00	2025-12-07 11:28:24.655168+00
f07b3989-5464-4fd3-b3c8-dc586eb21183	652bb892-d726-410d-abdd-125dae0b7228	8b14d726-bc5e-4d14-9d9d-18843d3e337a	2	749.00	2025-12-07 11:28:01.745594+00	2025-12-07 11:28:25.108332+00
\.

-- Migrations
COPY public."__EFMigrationsHistory" ("MigrationId", "ProductVersion") FROM stdin;
20251004142414_Mig_1	8.0.20
20251007175752_mig_2	8.0.20
20251016144653_mig_3	8.0.20
20251105195246_mig_4	8.0.20
20251107141737_mig_5	8.0.20
20251107142105_mig_6	8.0.20
20251109123617_mig_7	8.0.20
20251110135203_mig_8	8.0.20
20251111174524_mig_9	8.0.20
20251206151511_mig_10	8.0.20
20251206155805_mig_11	8.0.20
20251209141222_mig_12	8.0.20
\.

-- ============================================================
-- 3.CONSTRAINT & INDEXES
-- ============================================================

ALTER TABLE ONLY public."Address"
    ADD CONSTRAINT "PK_Address" PRIMARY KEY ("Id");

ALTER TABLE ONLY public."AspNetRoleClaims"
    ADD CONSTRAINT "PK_AspNetRoleClaims" PRIMARY KEY ("Id");

ALTER TABLE ONLY public."AspNetRoles"
    ADD CONSTRAINT "PK_AspNetRoles" PRIMARY KEY ("Id");

ALTER TABLE ONLY public."AspNetUserClaims"
    ADD CONSTRAINT "PK_AspNetUserClaims" PRIMARY KEY ("Id");

ALTER TABLE ONLY public."AspNetUserLogins"
    ADD CONSTRAINT "PK_AspNetUserLogins" PRIMARY KEY ("LoginProvider", "ProviderKey");

ALTER TABLE ONLY public."AspNetUserRoles"
    ADD CONSTRAINT "PK_AspNetUserRoles" PRIMARY KEY ("UserId", "RoleId");

ALTER TABLE ONLY public."AspNetUserTokens"
    ADD CONSTRAINT "PK_AspNetUserTokens" PRIMARY KEY ("UserId", "LoginProvider", "Name");

ALTER TABLE ONLY public."AspNetUsers"
    ADD CONSTRAINT "PK_AspNetUsers" PRIMARY KEY ("Id");

ALTER TABLE ONLY public."Customers"
    ADD CONSTRAINT "PK_Customers" PRIMARY KEY ("Id");

ALTER TABLE ONLY public."Files"
    ADD CONSTRAINT "PK_Files" PRIMARY KEY ("Id");

ALTER TABLE ONLY public."ProductBoxes"
    ADD CONSTRAINT "PK_ProductBoxes" PRIMARY KEY ("Id");

ALTER TABLE ONLY public."ProductProductGallery"
    ADD CONSTRAINT "PK_ProductProductGallery" PRIMARY KEY ("ProductGalleriesId", "ProductId");

ALTER TABLE ONLY public."Products"
    ADD CONSTRAINT "PK_Products" PRIMARY KEY ("Id");

ALTER TABLE ONLY public."__EFMigrationsHistory"
    ADD CONSTRAINT "PK___EFMigrationsHistory" PRIMARY KEY ("MigrationId");

ALTER TABLE ONLY dbo."CartItems"
    ADD CONSTRAINT "PK_CartItems" PRIMARY KEY ("Id");

ALTER TABLE ONLY dbo."Carts"
    ADD CONSTRAINT "PK_Carts" PRIMARY KEY ("Id");

-- Foreign Keys

ALTER TABLE ONLY dbo."CartItems"
    ADD CONSTRAINT "FK_CartItems_Carts_CartId" FOREIGN KEY ("CartId") REFERENCES dbo."Carts"("Id") ON DELETE CASCADE;

ALTER TABLE ONLY dbo."CartItems"
    ADD CONSTRAINT "FK_CartItems_Products_ProductId" FOREIGN KEY ("ProductId") REFERENCES public."Products"("Id") ON DELETE RESTRICT;

ALTER TABLE ONLY public."Address"
    ADD CONSTRAINT "FK_Address_Customers_CustomerId" FOREIGN KEY ("CustomerId") REFERENCES public."Customers"("Id") ON DELETE CASCADE;

ALTER TABLE ONLY public."AspNetRoleClaims"
    ADD CONSTRAINT "FK_AspNetRoleClaims_AspNetRoles_RoleId" FOREIGN KEY ("RoleId") REFERENCES public."AspNetRoles"("Id") ON DELETE CASCADE;

ALTER TABLE ONLY public."AspNetUserClaims"
    ADD CONSTRAINT "FK_AspNetUserClaims_AspNetUsers_UserId" FOREIGN KEY ("UserId") REFERENCES public."AspNetUsers"("Id") ON DELETE CASCADE;

ALTER TABLE ONLY public."AspNetUserLogins"
    ADD CONSTRAINT "FK_AspNetUserLogins_AspNetUsers_UserId" FOREIGN KEY ("UserId") REFERENCES public."AspNetUsers"("Id") ON DELETE CASCADE;

ALTER TABLE ONLY public."AspNetUserRoles"
    ADD CONSTRAINT "FK_AspNetUserRoles_AspNetRoles_RoleId" FOREIGN KEY ("RoleId") REFERENCES public."AspNetRoles"("Id") ON DELETE CASCADE;

ALTER TABLE ONLY public."AspNetUserRoles"
    ADD CONSTRAINT "FK_AspNetUserRoles_AspNetUsers_UserId" FOREIGN KEY ("UserId") REFERENCES public."AspNetUsers"("Id") ON DELETE CASCADE;

ALTER TABLE ONLY public."AspNetUserTokens"
    ADD CONSTRAINT "FK_AspNetUserTokens_AspNetUsers_UserId" FOREIGN KEY ("UserId") REFERENCES public."AspNetUsers"("Id") ON DELETE CASCADE;

ALTER TABLE ONLY public."ProductBoxes"
    ADD CONSTRAINT "FK_ProductBoxes_Products_ProductId" FOREIGN KEY ("ProductId") REFERENCES public."Products"("Id") ON DELETE CASCADE;

ALTER TABLE ONLY public."ProductProductGallery"
    ADD CONSTRAINT "FK_ProductProductGallery_Files_ProductGalleriesId" FOREIGN KEY ("ProductGalleriesId") REFERENCES public."Files"("Id") ON DELETE CASCADE;

ALTER TABLE ONLY public."ProductProductGallery"
    ADD CONSTRAINT "FK_ProductProductGallery_Products_ProductId" FOREIGN KEY ("ProductId") REFERENCES public."Products"("Id") ON DELETE CASCADE;